{
  "project_info": {
    "project_number": "563394914621",
    "project_id": "comp3310-seniorconnect",
    "storage_bucket": "comp3310-seniorconnect.appspot.com"
  },
  "client": [
    {
      "client_info": {
        "mobilesdk_app_id": "1:563394914621:android:5861a205fc9fe38bb67d54",
        "android_client_info": {
          "package_name": "com.SeniorConnect.app"
        }
      },
      "oauth_client": [],
      "api_key": [
        {
          "current_key": "AIzaSyDoyH3xKrH3j1XF5Ns_K-ijY4lB1yuPhBU"
        }
      ],
      "services": {
        "appinvite_service": {
          "other_platform_oauth_client": []
        }
      }
    }
  ],
  "configuration_version": "1"
}